[
    {
        "model": "requests_.question",
        "pk": 1,
        "fields": {
            "question": "В какой сфере вы работаете?",
            "order": 1
        }
    },
    {
        "model": "requests_.question",
        "pk": 2,
        "fields": {
            "question": "Сколько сотрудников работает в вашей компании?",
            "order": 2
        }
    },
    {
        "model": "requests_.question",
        "pk": 3,
        "fields": {
            "question": "Для чего вам нужна поддержка?",
            "order": 3
        }
    },
    {
        "model": "requests_.question",
        "pk": 4,
        "fields": {
            "question": "Какой вид финансовой поддержки вам интересен?",
            "order": 4
        }
    }
]