[{"model": "supports.supportmeasure", "pk": 1, "fields": {"image": "", "gratitude": null, "name": "Субсидии для малого бизнеса", "money": 1, "category": 1, "area": 1, "direction": 6, "description": "Государственные субсидии для малого и среднего бизнеса. Покрывают до 50% затрат на аренду помещений, закупку оборудования или маркетинг. Максимальная сумма — 2 млн рублей. Требуется регистрация ИП или ООО не менее 1 года.", "min_trust": "0.90", "price": "0.00", "item": null, "action": null}}, {"model": "supports.supportmeasure", "pk": 2, "fields": {"image": "", "gratitude": "", "name": "Гранты на инновационные проекты", "money": 1, "category": 1, "area": 1, "direction": 6, "description": "Финансирование стартапов и инновационных проектов в сфере IT, биотехнологий и зеленых технологий. Гранты до 5 млн рублей через федеральные программы, такие как Фонд Сколково. Требуется бизнес-план и прототип.", "min_trust": "0.85", "price": "0.00", "item": "", "action": null}}, {"model": "supports.supportmeasure", "pk": 3, "fields": {"image": "", "gratitude": null, "name": "Льготное налогообложение для малого бизнеса", "money": 1, "category": 2, "area": 1, "direction": 6, "description": "Снижение ставки УСН до 4% и отсрочка уплаты налогов на 6 месяцев для предприятий с годовым оборотом до 200 млн рублей. Программа действует в 20 регионах РФ до конца 2025 года.", "min_trust": "0.95", "price": "0.00", "item": null, "action": null}}, {"model": "supports.supportmeasure", "pk": 4, "fields": {"image": "", "gratitude": null, "name": "Фонд содействия предпринимательству", "money": 1, "category": 2, "area": 1, "direction": 6, "description": "Региональная программа поддержки, включающая бесплатные консультации, гранты до 500 тыс. рублей и образовательные курсы по бухгалтерии, маркетингу и управлению. Доступно для новых предпринимателей.", "min_trust": "0.80", "price": "0.00", "item": null, "action": null}}, {"model": "supports.supportmeasure", "pk": 5, "fields": {"image": "", "gratitude": null, "name": "Льготные кредиты для экспорта", "money": 1, "category": 1, "area": 1, "direction": 6, "description": "Кредиты под 3% годовых для компаний, экспортирующих продукцию за рубеж. Максимальная сумма — 10 млн рублей. Требуется контракт с иностранным партнером и регистрация в реестре экспортеров.", "min_trust": "0.90", "price": "0.00", "item": null, "action": null}}, {"model": "supports.supportmeasure", "pk": 6, "fields": {"image": "", "gratitude": "", "name": "Программа акселерации стартапов", "money": 1, "category": 2, "area": 9, "direction": 6, "description": "Трехмесячная программа для IT-стартапов, включающая менторство, доступ к инвесторам и гранты до 1 млн рублей. Организатор — GenerationS. Требуется MVP и команда до 5 человек.", "min_trust": "0.75", "price": "0.00", "item": "", "action": null}}, {"model": "supports.supportmeasure", "pk": 7, "fields": {"image": "", "gratitude": null, "name": "Курс по эффективному управлению", "money": 1, "category": 4, "area": 1, "direction": 6, "description": "Онлайн-курс (8 недель) по стратегическому управлению, финансовому планированию и оптимизации бизнес-процессов. Подходит для руководителей малого бизнеса. Сертификат по окончании.", "min_trust": "0.70", "price": "12000.00", "item": null, "action": null}}, {"model": "supports.supportmeasure", "pk": 8, "fields": {"image": "", "gratitude": null, "name": "Субсидии на цифровизацию", "money": 1, "category": 1, "area": 1, "direction": 6, "description": "Компенсация до 70% затрат на внедрение CRM, ERP и других IT-решений. Максимальная сумма — 1.5 млн рублей. Для компаний с численностью до 100 сотрудников.", "min_trust": "0.85", "price": "0.00", "item": null, "action": null}}, {"model": "supports.supportmeasure", "pk": 12, "fields": {"image": "", "gratitude": "", "name": "Мастер-класс по маркетингу", "money": 1, "category": 8, "area": 1, "direction": 6, "description": "Однодневный интенсив по созданию бренда, продвижению в соцсетях и настройке рекламы. Подходит для малого бизнеса и фрилансеров. Проводится офлайн в Москве.", "min_trust": "0.70", "price": "5000.00", "item": "", "action": null}}, {"model": "supports.supportmeasure", "pk": 13, "fields": {"image": "", "gratitude": "", "name": "Программа поддержки женского предпринимательства", "money": null, "category": 2, "area": 1, "direction": 6, "description": "Гранты до 300 тыс. рублей, менторство и бесплатные курсы для женщин-предпринимателей. Программа направлена на развитие бизнеса в регионах. Требуется регистрация ИП.", "min_trust": "0.80", "price": "0.00", "item": "", "action": null}}, {"model": "supports.supportmeasure", "pk": 14, "fields": {"image": "", "gratitude": "", "name": "Вебинар по выходу на маркетплейсы", "money": 1, "category": 10, "area": 1, "direction": 8, "description": "Бесплатный вебинар по запуску продаж на Wildberries, Ozon и Яндекс.Маркет. Темы: регистрация, логистика, продвижение товаров. Длительность — 2 часа.", "min_trust": "0.65", "price": "5000.00", "item": "https://travel-r.ru/", "action": null}}, {"model": "supports.supportmeasure", "pk": 15, "fields": {"image": "", "gratitude": "", "name": "Грант на открытие торговой точки", "money": 2, "category": 14, "area": 10, "direction": 6, "description": "Предоставляется индивидуальным предпринимателям и юридическим лицам, планирующим запуск розничного бизнеса. Средства можно использовать на аренду помещения, ремонт, закупку оборудования и первой партии товара.\r\n📎 Подробнее можно почитать по ссылке: https://xn--90aifddrld7a.xn--p1ai/grants/start-retail/", "min_trust": "0.00", "price": "0.00", "item": "", "action": null}}, {"model": "supports.supportmeasure", "pk": 16, "fields": {"image": "", "gratitude": "", "name": "Субсидия на приобретение оборудования для малого производства", "money": 2, "category": 14, "area": 9, "direction": 6, "description": "Позволяет возместить до 50% стоимости оборудования для ИП и малых предприятий. Отлично подходит для запуска легкой или пищевой промышленности.\r\n👉 <a href=\"https://мойбизнес.рф/production-subsidy\" target=\"_blank\">Подробнее по ссылке</a>", "min_trust": "0.00", "price": "0.00", "item": "", "action": null}}, {"model": "supports.supportmeasure", "pk": 17, "fields": {"image": "", "gratitude": "", "name": "Грант на цифровизацию малого бизнеса", "money": 2, "category": 14, "area": 15, "direction": 6, "description": "Выделяются средства на внедрение CRM, ERP и других цифровых систем.\r\n👉 <a href=\"https://мойбизнес.рф/digital-grant\" target=\"_blank\">Подробнее по ссылке</a>", "min_trust": "0.00", "price": "0.00", "item": "", "action": null}}, {"model": "supports.supportmeasure", "pk": 18, "fields": {"image": "", "gratitude": "", "name": "Грант для семейных ферм", "money": 3, "category": 14, "area": 11, "direction": 6, "description": "Финансирует закупку техники, кормов, животных. Обязателен бизнес-план.\r\n👉 <a href=\"https://мойбизнес.рф/agro-grant\" target=\"_blank\">Подробнее по ссылке</a>", "min_trust": "0.00", "price": "0.00", "item": "", "action": null}}, {"model": "supports.supportmeasure", "pk": 19, "fields": {"image": "", "gratitude": "", "name": "Субсидия на приобретение сельхозтехники для малых фермеров", "money": 2, "category": 14, "area": 11, "direction": 6, "description": "Поддержка КФХ и ИП на начальном этапе — техника, семена, корма.\r\nПодробнее: https://mcx.gov.ru", "min_trust": "0.00", "price": "0.00", "item": "", "action": null}}, {"model": "supports.supportmeasure", "pk": 20, "fields": {"image": "", "gratitude": "", "name": "Региональные субсидии на модернизацию агропроизводства", "money": 1, "category": 14, "area": 11, "direction": 6, "description": "Поддержка на внедрение ИТ, автоматизации и систем капельного полива.\r\nПодробнее: https://мойбизнес.рф", "min_trust": "0.00", "price": "0.00", "item": "", "action": null}}, {"model": "supports.supportmeasure", "pk": 21, "fields": {"image": "", "gratitude": "", "name": "Программа «Развитие сельского хозяйства»", "money": 1, "category": 14, "area": 11, "direction": 6, "description": "Софинансирование крупных фермерских проектов, закупки оборудования.\r\nПодробнее: https://mcx.gov.ru", "min_trust": "0.00", "price": "0.00", "item": "", "action": null}}, {"model": "supports.supportmeasure", "pk": 22, "fields": {"image": "", "gratitude": "", "name": "Грант на НИОКР малых производств", "money": 1, "category": 14, "area": 9, "direction": 6, "description": "Поддержка разработки новых технологий, патентов, прототипов.\r\nПодробнее: https://fasie.ru/programs/start/", "min_trust": "0.00", "price": "0.00", "item": "", "action": null}}, {"model": "supports.supportmeasure", "pk": 23, "fields": {"image": "", "gratitude": "", "name": "Субсидии на внедрение отечественного ПО", "money": 3, "category": 14, "area": 15, "direction": 6, "description": "Возмещение затрат на переход с зарубежного ПО.\r\nПодробнее: https://мойбизнес.рф", "min_trust": "0.00", "price": "0.00", "item": "", "action": null}}, {"model": "supports.supportmeasure", "pk": 24, "fields": {"image": "", "gratitude": "", "name": "ФРП — Программа «Цифровизация промышленности»", "money": 1, "category": 14, "area": 15, "direction": 6, "description": "Крупное финансирование внедрения ИИ, Big Data, автоматизации.\r\nПодробнее: https://frprf.ru", "min_trust": "0.00", "price": "0.00", "item": "", "action": null}}, {"model": "supports.supportmeasure", "pk": 25, "fields": {"image": "supports/студенты-стартап.jpg", "gratitude": "", "name": "Конкурс \"Студенческий стартап\"", "money": 1, "category": 5, "area": 1, "direction": 11, "description": "Заявки на конкурс принимаются по 7 тематическим направлениям:___________ Цифровые технологии; Медицина и здоровье; Химические технологии и новые материалы;______ Новые приборы и производственные технологии; _____________ Биотехнологии; Ресурсосберегающая энергетика; _______________ Креативные индустрии.\r\nВ этом году к конкурсу могут присоединиться аспиранты и ординаторы, обучающиеся в научных организациях.\r\nКогда\r\n1 апреля 00:00 - 20 мая 23:30", "min_trust": "0.00", "price": "0.00", "item": "", "action": "подал заявку на мероприятие"}}, {"model": "supports.supportmeasure", "pk": 26, "fields": {"image": "supports/регионы-уст-развитие.jpg", "gratitude": "", "name": "Прием заявок на конкурс \"Регионы – устойчивое развитие\"", "money": 1, "category": 5, "area": 1, "direction": 9, "description": "Следующие направления: __ 1. Софинансирование в реализации проектов; 2.Грантовая поддержка; ____ 3. Программы по расширению присутствия Компаний.\r\nСледующие Программы: -софинансирования; -грантовая; - по реализации продукции и по поставкам.\r\nЗаполненные заявки просим направлять на сайт Оргкомитета Конкурса или на почту: info@infra-konkurs.ru\r\nОтветственное лицо для взаимодействия в Оргкомитете - Биткова Юлия Владимировна 8 (800) 775-10-73, bitkova@infra-konkurs.ru, моб.телефон: +7 (926) 631-74-71, +7 915 317-77-89.\r\nКогда: 10 апреля 00:00 - 30 июня 17:00\r\nГде: Онлайн", "min_trust": "0.00", "price": "0.00", "item": "", "action": "подал заявку"}}, {"model": "supports.supportmeasure", "pk": 27, "fields": {"image": "supports/Снимок_экрана_2025-04-17_165734.jpg", "gratitude": "Благодарим за приобретение!", "name": "Скидка на разработку сайта", "money": 1, "category": 7, "area": 1, "direction": 13, "description": "Только для пользователей чат-бота доступна эксклюзивная скидка 10% на создание одностраничного сайта. Идеально подходит для старта бизнеса или обновления онлайн-присутствия без лишних затрат.\r\nЕсли хочешь, могу адаптировать под разные стили или добавить конкретику (сроки, условия и т.п.).", "min_trust": "0.00", "price": "45000.00", "item": "", "action": "купил"}}]