[
    {
        "model": "options.option",
        "pk": 1,
        "fields": {
            "value": "📱 <u><b>{{bot}}</b></u> Главное меню. Выберите действие:\r\n\r\n📚 Каталог мер поддержки: просмотр федеральных, региональных программ и других возможностей\r\n\r\n🎯 Помощь в подборе мер поддержки: пошаговая форма для подбора подходящих мер",
            "category": "menu_text"
        }
    },
    {
        "model": "options.option",
        "pk": 2,
        "fields": {
            "value": "🖐️ Привет! Меня зовут {{bot}}!\r\n\r\nЯ искусственный интеллект, который поможет вам узнать о:\r\n▶️ Актуальных мерах поддержки предпринимателей в Республике Башкортостан\r\n▶️ Инструментах для развития вашего бизнеса",
            "category": "start_text"
        }
    },
    {
        "model": "options.option",
        "pk": 3,
        "fields": {
            "value": "https://en.wikipedia.org/wiki/Privacy_policy",
            "category": "policy_url"
        }
    },
    {
        "model": "options.option",
        "pk": 4,
        "fields": {
            "value": "-4693969422",
            "category": "bot_chat_id"
        }
    },
    {
        "model": "options.option",
        "pk": 11,
        "fields": {
            "value": "📃 <b><u>Каталог мер поддержки</u></b>\r\n\r\nЗдесь вы можете ознакомиться с доступными на данный момент мерами поддержки бизнеса.",
            "category": "catalog_text"
        }
    },
    {
        "model": "options.option",
        "pk": 15,
        "fields": {
            "value": "ℹ️ <b><u>Поддержка</u></b>\r\n\r\n📃 Список команд:\r\n └📱Меню: /menu\r\n └📃Каталог: /catalog\r\n └🧑‍🦰 Профиль: /profile\r\n └ℹ️Поддержка: /support",
            "category": "support_text"
        }
    }
]