[
    {
        "model": "supports.supportmeasure",
        "pk": 1,
        "fields": {
            "image": "",
            "gratitude": null,
            "name": "Субсидии для малого бизнеса",
            "category": 1,
            "description": "Государственные субсидии на развитие малого бизнеса, покрытие расходов на аренду и закупку оборудования.",
            "min_trust": "0.7613",
            "price": "0.00"
        }
    },
    {
        "model": "supports.supportmeasure",
        "pk": 2,
        "fields": {
            "image": "",
            "gratitude": null,
            "name": "Гранты на инновационные проекты",
            "category": 1,
            "description": "Финансирование инновационных проектов через федеральные программы поддержки.",
            "min_trust": "0.8500",
            "price": "0.00"
        }
    },
    {
        "model": "supports.supportmeasure",
        "pk": 3,
        "fields": {
            "image": "",
            "gratitude": null,
            "name": "Льготное налогообложение для малого бизнеса",
            "category": 2,
            "description": "Снижение налоговой ставки и отсрочка налоговых выплат для региональных предприятий.",
            "min_trust": "0.8500",
            "price": "0.00"
        }
    },
    {
        "model": "supports.supportmeasure",
        "pk": 4,
        "fields": {
            "image": "",
            "gratitude": null,
            "name": "Фонд содействия предпринимательству",
            "category": 2,
            "description": "Региональная поддержка в виде консультаций, грантов и образовательных программ.",
            "min_trust": "0.5500",
            "price": "0.00"
        }
    },
    {
        "model": "supports.supportmeasure",
        "pk": 7,
        "fields": {
            "image": "",
            "gratitude": null,
            "name": "Курс по эффективному управлению",
            "category": 8,
            "description": "Онлайн-курс по стратегическому управлению и росту бизнеса.",
            "min_trust": "0.6429",
            "price": "0.00"
        }
    },
    {
        "model": "supports.supportmeasure",
        "pk": 9,
        "fields": {
            "image": "",
            "gratitude": "",
            "name": "Global Tech Forum Spring 2025",
            "category": 5,
            "description": "Global Tech Forum Spring 2025 — важная встреча для профессионалов, собравшая более 80 ведущих экспертов и 60 компаний, которые представят передовые технологические решения для автоматизации бизнес-процессов.",
            "min_trust": "1.0000",
            "price": "0.00"
        }
    },
    {
        "model": "supports.supportmeasure",
        "pk": 10,
        "fields": {
            "image": "",
            "gratitude": "",
            "name": "Business&IT Day: Medicine Pharma",
            "category": 5,
            "description": "Business&IT Day: Medicine Pharma 2025 — это ключевое онлайн-мероприятие, которое объединит более 150 лидеров и специалистов в области IT, здравоохранения и фармацевтики. Конференция сосредоточится на цифровых трансформациях, включая автоматизацию рабочих процессов, внедрение медицинских информационных систем, использование искусственного интеллекта, роботизации и машинного обучения.\r\n\r\nОбсуждения будут охватывать вопросы импортозамещения в IT и соблюдения правовых стандартов в сфере здравоохранения. Особое внимание на конференции будет уделено реальным примерам и лучшим практикам оптимизации бизнес-процессов, управлению запасами и созданию эффективных digital-коммуникаций. Участники смогут ознакомиться с новыми технологиями, которые помогут повысить эффективность и укрепить конкурентоспособность в этих отраслях.",
            "min_trust": "1.0000",
            "price": "0.00"
        }
    },
    {
        "model": "supports.supportmeasure",
        "pk": 11,
        "fields": {
            "image": "",
            "gratitude": "",
            "name": "blockchain life 2025 dubai",
            "category": 5,
            "description": "Blockchain Forum — дочерняя компания международного форума Blockchain Life Forum, которая на 100% принадлежит Blockchain Life.\r\n\r\nBlockchain Forum будет отдельным форумом в России и продолжит носить статус крупнейшего и самого значимого международного криптомероприятия в России.\r\nBlockchain Life Forum продолжит международную экспансию и стремление стать самым большим и ключевым криптособытием в мире.\r\nВ Апреле 2025 года мы впервые для России, после 2022 года, привезем ведущих международных криптоэкспертов.\r\nГруппа форумов Blockchain Life с 2017 года является крупнейшим и единственным мостом между российским и СНГ криптокомьюнити и международным криптокомьюнити.\r\nЦель мероприятия: объединить всё русскоязычное и международное криптосообщество и сделать из Москвы мировой центр блокчейн и криптотехнологий.\r\n\r\nМы приглашаем вас снова стать частью легендарнейшего криптособытия на нашей исторической родине.\r\n\r\nДо встречи.",
            "min_trust": "1.0000",
            "price": "0.00"
        }
    },
    {
        "model": "supports.supportmeasure",
        "pk": 12,
        "fields": {
            "image": "",
            "gratitude": null,
            "name": "Мастер-класс по  маркетингу",
            "category": 10,
            "description": "Интенсивный мастер-класс по созданию и продвижению бренда.",
            "min_trust": "1.0000",
            "price": "5000.00"
        }
    }
]