[{"model": "supports.supportmeasurecategory", "pk": 1, "fields": {"parent": 13, "name": "▶️ Федеральные меры поддержки", "description": ""}}, {"model": "supports.supportmeasurecategory", "pk": 2, "fields": {"parent": 13, "name": "▶️ Региональные меры поддержки", "description": ""}}, {"model": "supports.supportmeasurecategory", "pk": 4, "fields": {"parent": null, "name": "💰 Научиться зарабатывать", "description": ""}}, {"model": "supports.supportmeasurecategory", "pk": 5, "fields": {"parent": null, "name": "🎊 Мероприятия для бизнеса", "description": ""}}, {"model": "supports.supportmeasurecategory", "pk": 7, "fields": {"parent": null, "name": "🤝 Программы лояльности", "description": ""}}, {"model": "supports.supportmeasurecategory", "pk": 8, "fields": {"parent": 4, "name": "📚 Образовательные/акселерационные курсы", "description": ""}}, {"model": "supports.supportmeasurecategory", "pk": 9, "fields": {"parent": 4, "name": "📜 Лекторий", "description": ""}}, {"model": "supports.supportmeasurecategory", "pk": 10, "fields": {"parent": 4, "name": "⚒️ Практикумы", "description": ""}}, {"model": "supports.supportmeasurecategory", "pk": 12, "fields": {"parent": null, "name": "Без категории", "description": ""}}, {"model": "supports.supportmeasurecategory", "pk": 13, "fields": {"parent": null, "name": "📚 Меры поддержки", "description": "Здесь вы можете ознакомиться с доступными на данный момент мерами поддержки бизнеса."}}]