[
    {
        "model": "modules.module",
        "pk": 1,
        "fields": {
            "name": "Основы предпринимательства",
            "url": "https://google.com",
            "category": 4,
            "description": "Введение в мир бизнеса: как открыть своё дело и избежать распространённых ошибок.",
            "price": 3000
        }
    },
    {
        "model": "modules.module",
        "pk": 2,
        "fields": {
            "name": "Эффективное управление финансами",
            "url": "https://google.com",
            "category": 4,
            "description": "Управление бюджетом, оптимизация расходов и прогнозирование прибыли.",
            "price": 4500
        }
    },
    {
        "model": "modules.module",
        "pk": 3,
        "fields": {
            "name": "Маркетинг для малого бизнеса",
            "url": "https://google.com",
            "category": 4,
            "description": "Простые и эффективные стратегии продвижения вашего бизнеса.",
            "price": 5000
        }
    },
    {
        "model": "modules.module",
        "pk": 4,
        "fields": {
            "name": "Юридические аспекты для ИП",
            "url": "https://google.com",
            "category": 4,
            "description": "Основы законодательства для предпринимателей и самозанятых.",
            "price": 4000
        }
    },
    {
        "model": "modules.module",
        "pk": 5,
        "fields": {
            "name": "Работа с клиентами",
            "url": "https://google.com",
            "category": 4,
            "description": "Как находить и удерживать клиентов, улучшая их опыт взаимодействия с вашим бизнесом.",
            "price": 3500
        }
    },
    {
        "model": "modules.module",
        "pk": 6,
        "fields": {
            "name": "Технологии роста бизнеса",
            "url": "https://google.com",
            "category": 4,
            "description": "Современные инструменты и подходы для масштабирования вашего предприятия.",
            "price": 6000
        }
    },
    {
        "model": "modules.module",
        "pk": 7,
        "fields": {
            "name": "Психология успешного предпринимателя",
            "url": "https://google.com",
            "category": 4,
            "description": "Как справляться с вызовами, сохранять мотивацию и развивать бизнес.",
            "price": 2500
        }
    }
]
