[{"model": "filters_.area", "pk": 1, "fields": {"name": "Без сферы"}}, {"model": "filters_.area", "pk": 9, "fields": {"name": "Производство"}}, {"model": "filters_.area", "pk": 10, "fields": {"name": "Торговля (оптовая/розничная)"}}, {"model": "filters_.area", "pk": 11, "fields": {"name": "Сельское хозяйство"}}, {"model": "filters_.area", "pk": 12, "fields": {"name": "Строительство и девелопмент"}}, {"model": "filters_.area", "pk": 13, "fields": {"name": "Образование"}}, {"model": "filters_.area", "pk": 14, "fields": {"name": "Здравоохранение и фармацевтика"}}, {"model": "filters_.area", "pk": 15, "fields": {"name": "Информационные технологии"}}, {"model": "filters_.area", "pk": 16, "fields": {"name": "Туризм и гостиничный бизнес"}}, {"model": "filters_.area", "pk": 17, "fields": {"name": "Транспорт и логистика"}}, {"model": "filters_.area", "pk": 18, "fields": {"name": "Финансовые услуги"}}, {"model": "filters_.area", "pk": 19, "fields": {"name": "Услуги для бизнеса"}}, {"model": "filters_.area", "pk": 20, "fields": {"name": "Ресторанный и кейтеринговый бизнес"}}, {"model": "filters_.area", "pk": 21, "fields": {"name": "Креативные индустрии (дизайн, медиа, искусство)"}}, {"model": "filters_.area", "pk": 22, "fields": {"name": "Социальное предпринимательство"}}, {"model": "filters_.area", "pk": 23, "fields": {"name": "Экологические технологии и проекты"}}, {"model": "filters_.area", "pk": 24, "fields": {"name": "Наука и разработки (R&D)"}}, {"model": "filters_.area", "pk": 25, "fields": {"name": "Недвижимость и аренда"}}, {"model": "filters_.area", "pk": 26, "fields": {"name": "Бытовые услуги населению"}}, {"model": "filters_.area", "pk": 27, "fields": {"name": "НКО и общественные организации"}}]