[
    {
        "model": "filters_.moneyamountfilter",
        "pk": 1,
        "fields": {
            "value": "0.00",
            "type_srt": ">"
        }
    },
    {
        "model": "filters_.moneyamountfilter",
        "pk": 2,
        "fields": {
            "value": "5000.00",
            "type_srt": "<"
        }
    },
    {
        "model": "filters_.moneyamountfilter",
        "pk": 3,
        "fields": {
            "value": "10000.00",
            "type_srt": "<"
        }
    },
    {
        "model": "filters_.moneyamountfilter",
        "pk": 4,
        "fields": {
            "value": "25000.00",
            "type_srt": "<"
        }
    },
    {
        "model": "filters_.moneyamountfilter",
        "pk": 5,
        "fields": {
            "value": "50000.00",
            "type_srt": "<"
        }
    }
]