[
    {
        "model": "filters_.directionsfilter",
        "pk": 1,
        "fields": {
            "name": "Маркетинг и продвижение"
        }
    },
    {
        "model": "filters_.directionsfilter",
        "pk": 2,
        "fields": {
            "name": "Инновации и технологии"
        }
    },
    {
        "model": "filters_.directionsfilter",
        "pk": 3,
        "fields": {
            "name": "Финансовая поддержка"
        }
    },
    {
        "model": "filters_.directionsfilter",
        "pk": 4,
        "fields": {
            "name": "Экспорт и международное сотрудничество"
        }
    },
    {
        "model": "filters_.directionsfilter",
        "pk": 5,
        "fields": {
            "name": "Социальное предпринимательство"
        }
    }
]