[
    {
        "model": "supports.area",
        "pk": 1,
        "fields": {
            "name": "Без сферы"
        }
    },
    {
        "model": "supports.area",
        "pk": 2,
        "fields": {
            "name": "IT"
        }
    },
    {
        "model": "supports.area",
        "pk": 3,
        "fields": {
            "name": "Торговля"
        }
    },
    {
        "model": "supports.area",
        "pk": 4,
        "fields": {
            "name": "Производство"
        }
    },
    {
        "model": "supports.area",
        "pk": 5,
        "fields": {
            "name": "Экспорт"
        }
    },
    {
        "model": "supports.area",
        "pk": 6,
        "fields": {
            "name": "Медицина и фармацевтика"
        }
    },
    {
        "model": "supports.area",
        "pk": 7,
        "fields": {
            "name": "Криптовалюты и блокчейн"
        }
    },
    {
        "model": "supports.area",
        "pk": 8,
        "fields": {
            "name": "Электронная коммерция"
        }
    }
]