[
    {
        "model": "supports.supportmeasure",
        "pk": 1,
        "fields": {
            "image": "",
            "gratitude": null,
            "name": "Субсидии для малого бизнеса",
            "category": 1,
            "area": 1,
            "direction": 3,
            "description": "Государственные субсидии для малого и среднего бизнеса. Покрывают до 50% затрат на аренду помещений, закупку оборудования или маркетинг. Максимальная сумма — 2 млн рублей. Требуется регистрация ИП или ООО не менее 1 года.",
            "min_trust": "0.90",
            "price": "0.00",
            "item": null,
            "action": null
        }
    },
    {
        "model": "supports.supportmeasure",
        "pk": 2,
        "fields": {
            "image": "",
            "gratitude": null,
            "name": "Гранты на инновационные проекты",
            "category": 1,
            "area": 2,
            "direction": 2,
            "description": "Финансирование стартапов и инновационных проектов в сфере IT, биотехнологий и зеленых технологий. Гранты до 5 млн рублей через федеральные программы, такие как Фонд Сколково. Требуется бизнес-план и прототип.",
            "min_trust": "0.85",
            "price": "0.00",
            "item": null,
            "action": null
        }
    },
    {
        "model": "supports.supportmeasure",
        "pk": 3,
        "fields": {
            "image": "",
            "gratitude": null,
            "name": "Льготное налогообложение для малого бизнеса",
            "category": 2,
            "area": 1,
            "direction": 3,
            "description": "Снижение ставки УСН до 4% и отсрочка уплаты налогов на 6 месяцев для предприятий с годовым оборотом до 200 млн рублей. Программа действует в 20 регионах РФ до конца 2025 года.",
            "min_trust": "0.95",
            "price": "0.00",
            "item": null,
            "action": null
        }
    },
    {
        "model": "supports.supportmeasure",
        "pk": 4,
        "fields": {
            "image": "",
            "gratitude": null,
            "name": "Фонд содействия предпринимательству",
            "category": 2,
            "area": 1,
            "direction": 3,
            "description": "Региональная программа поддержки, включающая бесплатные консультации, гранты до 500 тыс. рублей и образовательные курсы по бухгалтерии, маркетингу и управлению. Доступно для новых предпринимателей.",
            "min_trust": "0.80",
            "price": "0.00",
            "item": null,
            "action": null
        }
    },
    {
        "model": "supports.supportmeasure",
        "pk": 5,
        "fields": {
            "image": "",
            "gratitude": null,
            "name": "Льготные кредиты для экспорта",
            "category": 1,
            "area": 5,
            "direction": 4,
            "description": "Кредиты под 3% годовых для компаний, экспортирующих продукцию за рубеж. Максимальная сумма — 10 млн рублей. Требуется контракт с иностранным партнером и регистрация в реестре экспортеров.",
            "min_trust": "0.90",
            "price": "0.00",
            "item": null,
            "action": null
        }
    },
    {
        "model": "supports.supportmeasure",
        "pk": 6,
        "fields": {
            "image": "",
            "gratitude": null,
            "name": "Программа акселерации стартапов",
            "category": 2,
            "area": 2,
            "direction": 2,
            "description": "Трехмесячная программа для IT-стартапов, включающая менторство, доступ к инвесторам и гранты до 1 млн рублей. Организатор — GenerationS. Требуется MVP и команда до 5 человек.",
            "min_trust": "0.75",
            "price": "0.00",
            "item": null,
            "action": null
        }
    },
    {
        "model": "supports.supportmeasure",
        "pk": 7,
        "fields": {
            "image": "",
            "gratitude": null,
            "name": "Курс по эффективному управлению",
            "category": 4,
            "area": 1,
            "direction": 1,
            "description": "Онлайн-курс (8 недель) по стратегическому управлению, финансовому планированию и оптимизации бизнес-процессов. Подходит для руководителей малого бизнеса. Сертификат по окончании.",
            "min_trust": "0.70",
            "price": "12000.00",
            "item": null,
            "action": null
        }
    },
    {
        "model": "supports.supportmeasure",
        "pk": 8,
        "fields": {
            "image": "",
            "gratitude": null,
            "name": "Субсидии на цифровизацию",
            "category": 1,
            "area": 2,
            "direction": 2,
            "description": "Компенсация до 70% затрат на внедрение CRM, ERP и других IT-решений. Максимальная сумма — 1.5 млн рублей. Для компаний с численностью до 100 сотрудников.",
            "min_trust": "0.85",
            "price": "0.00",
            "item": null,
            "action": null
        }
    },
    {
        "model": "supports.supportmeasure",
        "pk": 9,
        "fields": {
            "image": "",
            "gratitude": "",
            "name": "Global Tech Forum Spring 2025",
            "category": 5,
            "area": 2,
            "direction": 2,
            "description": "Международный форум в Москве (апрель 2025) для IT-специалистов и бизнеса. 80+ экспертов, 60+ компаний, демонстрация решений для автоматизации процессов. Темы: AI, облачные технологии, кибербезопасность.",
            "min_trust": "0.95",
            "price": "25000.00",
            "item": "",
            "action": null
        }
    },
    {
        "model": "supports.supportmeasure",
        "pk": 10,
        "fields": {
            "image": "",
            "gratitude": "",
            "name": "Business&IT Day: Medicine Pharma",
            "category": 5,
            "area": 6,
            "direction": 2,
            "description": "Онлайн-конференция (март 2025) для лидеров IT и фармацевтики. Темы: автоматизация процессов, медицинские информационные системы, AI и ML, импортозамещение. 150+ участников, кейсы и практики.",
            "min_trust": "0.90",
            "price": "0.00",
            "item": "",
            "action": null
        }
    },
    {
        "model": "supports.supportmeasure",
        "pk": 11,
        "fields": {
            "image": "",
            "gratitude": "",
            "name": "Blockchain Life 2025 Dubai",
            "category": 5,
            "area": 7,
            "direction": 2,
            "description": "Крупнейший международный форум по блокчейну и криптовалютам в Дубае (апрель 2025). Объединяет русскоязычное и мировое криптосообщество. Темы: DeFi, NFT, Web3. Ожидается 5000+ участников.",
            "min_trust": "0.85",
            "price": "30000.00",
            "item": null,
            "action": null
        }
    },
    {
        "model": "supports.supportmeasure",
        "pk": 12,
        "fields": {
            "image": "",
            "gratitude": "",
            "name": "Мастер-класс по маркетингу",
            "category": 4,
            "area": 1,
            "direction": 1,
            "description": "Однодневный интенсив по созданию бренда, продвижению в соцсетях и настройке рекламы. Подходит для малого бизнеса и фрилансеров. Проводится офлайн в Москве.",
            "min_trust": "0.70",
            "price": "5000.00",
            "item": "",
            "action": null
        }
    },
    {
        "model": "supports.supportmeasure",
        "pk": 13,
        "fields": {
            "image": "",
            "gratitude": null,
            "name": "Программа поддержки женского предпринимательства",
            "category": 2,
            "area": 1,
            "direction": 5,
            "description": "Гранты до 300 тыс. рублей, менторство и бесплатные курсы для женщин-предпринимателей. Программа направлена на развитие бизнеса в регионах. Требуется регистрация ИП.",
            "min_trust": "0.80",
            "price": "0.00",
            "item": null,
            "action": null
        }
    },
    {
        "model": "supports.supportmeasure",
        "pk": 14,
        "fields": {
            "image": "",
            "gratitude": null,
            "name": "Вебинар по выходу на маркетплейсы",
            "category": 4,
            "area": 8,
            "direction": 1,
            "description": "Бесплатный вебинар по запуску продаж на Wildberries, Ozon и Яндекс.Маркет. Темы: регистрация, логистика, продвижение товаров. Длительность — 2 часа.",
            "min_trust": "0.65",
            "price": "0.00",
            "item": null,
            "action": null
        }
    }
]