[
    {
        "model": "options.option",
        "pk": 1,
        "fields": {
            "value": "📱 <u><b>{{bot}}</b></u> Главное меню. Выберите действие:\r\n\r\n📚 Каталог мер поддержки: просмотр федеральных, региональных программ и других возможностей\r\n\r\n🎯 Помощь в подборе мер поддержки: пошаговая форма для подбора подходящих мер",
            "category": "menu_text"
        }
    },
    {
        "model": "options.option",
        "pk": 2,
        "fields": {
            "value": "🖐️ Привет! Меня зовут {{bot}}!\r\n\r\nЯ искусственный интеллект, который поможет вам узнать о:\r\n▶️ Актуальных мерах поддержки предпринимателей в Республике Башкортостан\r\n▶️ Инструментах для развития вашего бизнеса",
            "category": "start_text"
        }
    },
    {
        "model": "options.option",
        "pk": 3,
        "fields": {
            "value": "https://en.wikipedia.org/wiki/Privacy_policy",
            "category": "policy_url"
        }
    },
    {
        "model": "options.option",
        "pk": 4,
        "fields": {
            "value": "-4693969422",
            "category": "bot_chat_id"
        }
    },
    {
        "model": "options.option",
        "pk": 11,
        "fields": {
            "value": "📃 <b><u>Главное меню</u></b>\r\n\r\nЗдесь вы можете ознакомиться с доступными на данный момент мерами поддержки бизнеса.",
            "category": "catalog_text"
        }
    },
    {
        "model": "options.option",
        "pk": 16,
        "fields": {
            "value": "52003f5f75189eb732c37ece2989bc2d",
            "category": "bot_url"
        }
    },
    {
        "model": "options.option",
        "pk": 17,
        "fields": {
            "value": "4",
            "category": "modules_id"
        }
    },
    {
        "model": "options.option",
        "pk": 18,
        "fields": {
            "value": "https://ru.wikipedia.org/wiki/%D0%9E%D0%B1%D1%80%D0%B0%D0%B1%D0%BE%D1%82%D0%BA%D0%B0_%D0%BF%D0%B5%D1%80%D1%81%D0%BE%D0%BD%D0%B0%D0%BB%D1%8C%D0%BD%D1%8B%D1%85_%D0%B4%D0%B0%D0%BD%D0%BD%D1%8B%D1%85",
            "category": "personal_data_handling_url"
        }
    },
    {
        "model": "options.option",
        "pk": 19,
        "fields": {
            "value": "14",
            "category": "finances_id"
        }
    }
]